slug,title,post_url,category,github_url,github_path,zip_folder,has_matching_source_url,mapped_source_title,notes
child-poverty-before-housing-costs-in-the-greater-west-of-england-(children-aged-0-15),"Child poverty before housing costs in the Greater West of England (Children, aged 0-15)",https://www.thebrunelcentre.co.uk/data-hub/child-poverty-before-housing-costs-in-the-greater-west-of-england-(children-aged-0-15),poverty-and-deprivation,https://github.com/thebrunelcentre/Datahub-data/tree/main/data/poverty-and-deprivation/Child%20Poverty%20Before%20Housing%20Costs,data/poverty-and-deprivation/Child Poverty Before Housing Costs,Datahub-data-main/data/poverty-and-deprivation/Child poverty BHC in the Greater West of England (0-15),yes,"Child poverty before housing costs in the Greater West of England (Children, aged 0-15)",
child-poverty-before-housing-costs-in-the-greater-west-of-england-(dependent-children-aged-0-19),"Child poverty before housing costs in the Greater West of England (Dependent children, aged 0-19)",https://www.thebrunelcentre.co.uk/data-hub/child-poverty-before-housing-costs-in-the-greater-west-of-england-(dependent-children-aged-0-19),poverty-and-deprivation,https://github.com/thebrunelcentre/Datahub-data/tree/main/data/poverty-and-deprivation/Child%E2%80%AFpoverty%20BHC%20in%20the%E2%80%AFGreater%20West%20of%20England%E2%80%AF(0-19),data/poverty-and-deprivation/Child poverty BHC in the Greater West of England (0-19),Datahub-data-main/data/poverty-and-deprivation/Child poverty BHC in the Greater West of England (0-19),yes,"Child poverty before housing costs in the Greater West of England (Dependent children, aged 0-19)",
commuting-between-local-authorities-in-the-greater-west-of-england-2021,"Commuting between local authorities in the Greater West of England, 2021",https://www.thebrunelcentre.co.uk/data-hub/commuting-between-local-authorities-in-the-greater-west-of-england-2021,transport,https://github.com/thebrunelcentre/Datahub-data/tree/main/data/transport/Commuting%20between%20local%20authorities%20in%20the%20Greater%20West%20of%20England%2C%202021,"data/transport/Commuting between local authorities in the Greater West of England, 2021","Datahub-data-main/data/transport/Commuting between local authorities in the Greater West of England, 2021",yes,"Commuting between local authorities in the Greater West of England, 2021",
travel-to-work-in-the-greater-west-of-england-distance-travelled-and-mode-of-transport-2021,"Travel to work in the Greater West of England: Distance travelled and mode of transport, 2021",https://www.thebrunelcentre.co.uk/data-hub/travel-to-work-in-the-greater-west-of-england-distance-travelled-and-mode-of-transport-2021,transport,https://github.com/thebrunelcentre/Datahub-data/tree/main/data/transport/Travel%20to%20work%20in%20the%20Greater%20West%20of%20England%3A%20Distance%20travelled%20and%20mode%20of%20transport%2C%202021,"data/transport/Travel to work in the Greater West of England: Distance travelled and mode of transport, 2021","Datahub-data-main/data/transport/Travel to work in the Greater West of England: Distance travelled and mode of transport, 2021",yes,"Travel to work in the Greater West of England: Distance travelled and mode of transport, 2021",
travel-time-to-major-employment-centres-in-the-greater-west-of-england-2019,"Travel time to major employment centres in the Greater West of England, 2019",https://www.thebrunelcentre.co.uk/data-hub/travel-time-to-major-employment-centres-in-the-greater-west-of-england-2019,transport,https://github.com/thebrunelcentre/Datahub-data/tree/main/data/transport/Travel%20time%20to%20major%20employment%20centres%20in%20the%20Greater%20West%20of%20England%2C%202019,"data/transport/Travel time to major employment centres in the Greater West of England, 2019","Datahub-data-main/data/transport/Travel time to major employment centres in the Greater West of England, 2019",yes,"Travel time to major employment centres in the Greater West of England, 2019",
access-to-key-services-in-the-greater-west-of-england-schools-town-centres-and-hospitals-2019,"Access to key services in the Greater West of England: schools, town centres and hospitals, 2019",https://www.thebrunelcentre.co.uk/data-hub/access-to-key-services-in-the-greater-west-of-england-schools-town-centres-and-hospitals-2019,transport,https://github.com/thebrunelcentre/Datahub-data/tree/main/data/transport/Access%20to%20key%20services%20in%20the%20Greater%20West%20of%20England%3A%20schools%2C%20town%20centres%20and%20hospitals,"data/transport/Access to key services in the Greater West of England: schools, town centres and hospitals","Datahub-data-main/data/transport/Access to key services in the Greater West of England: schools, town centres and hospitals",yes,"Access to key services in the Greater West of England: schools, town centres and hospitals, 2019",
child-poverty-after-housing-costs-in-the-west-of-england-area-2023-24,"Child poverty after housing costs in the West of England area, 2023/24",https://www.thebrunelcentre.co.uk/data-hub/child-poverty-after-housing-costs-in-the-west-of-england-area-2023-24,poverty-and-deprivation,https://github.com/thebrunelcentre/Datahub-data/tree/main/data/poverty-and-deprivation/Child%20Poverty%20(After%20Housing%20Costs),data/poverty-and-deprivation/Child Poverty (After Housing Costs),Datahub-data-main/data/poverty-and-deprivation/Child Poverty (After Housing Costs),yes,"Child poverty after housing costs in the West of England area, 2023/24",
additional-regional-data-on-child-poverty-in-the-south-west-of-england,Additional regional data on child poverty in the South West of England,https://www.thebrunelcentre.co.uk/data-hub/additional-regional-data-on-child-poverty-in-the-south-west-of-england,poverty-and-deprivation,https://github.com/thebrunelcentre/Datahub-data/tree/main/data/poverty-and-deprivation/Additional%20Regional%20Data,data/poverty-and-deprivation/Additional Regional Data,Datahub-data-main/data/poverty-and-deprivation/Additional Regional Data,yes,Additional regional data on child poverty in the South West of England,
additional-local-detail-in-the-greater-west-of-england-2023-24,"Additional local detail in the Greater West of England, 2023/24",https://www.thebrunelcentre.co.uk/data-hub/additional-local-detail-in-the-greater-west-of-england-2023-24,poverty-and-deprivation,https://github.com/thebrunelcentre/Datahub-data/tree/main/data/poverty-and-deprivation/Additional%20Local%20Detail,data/poverty-and-deprivation/Additional Local Detail,Datahub-data-main/data/poverty-and-deprivation/Additional Local Detail,yes,"Additional local detail in the Greater West of England, 2023/24",
population-change-comparisons-in-the-greater-west-of-england-1991–2024,"Population change comparisons in the Greater West of England, 1991–2024",https://www.thebrunelcentre.co.uk/data-hub/population-change-comparisons-in-the-greater-west-of-england-1991–2024,population,https://github.com/thebrunelcentre/Datahub-data/tree/main/data/population/Population%20change%20comparisons%20in%20the%20Greater%20West%20of%20England%2C%201991%E2%80%932024,"data/population/Population change comparisons in the Greater West of England, 1991–2024","Datahub-data-main/data/population/Population change comparisons in the Greater West of England, 1991–2024",no,,
training-and-workforce-development-in-the-south-west-of-england,Training and workforce development in the South West of England,https://www.thebrunelcentre.co.uk/data-hub/training-and-workforce-development-in-the-south-west-of-england,labour-market,https://github.com/thebrunelcentre/Datahub-data/tree/main/data/labour-market/Training%20and%20workforce%20development,data/labour-market/Training and workforce development,Datahub-data-main/data/labour-market/Training and workforce development,yes,Training and workforce development in the South West of England,
employer-training-activity-in-the-south-west-of-england,Employer training activity in the South West of England,https://www.thebrunelcentre.co.uk/data-hub/employer-training-activity-in-the-south-west-of-england,labour-market,https://github.com/thebrunelcentre/Datahub-data/tree/main/data/labour-market/Employer%20training%20activity,data/labour-market/Employer training activity,Datahub-data-main/data/labour-market/Employer training activity,yes,Employer training activity in the South West of England,
employment-rates-in-the-greater-west-of-england-compared-to-other-uk-regions,Employment rates in the Greater West of England compared to other UK regions,https://www.thebrunelcentre.co.uk/data-hub/employment-rates-in-the-greater-west-of-england-compared-to-other-uk-regions,labour-market,https://github.com/thebrunelcentre/Datahub-data/tree/main/data/labour-market/Employment%20rates%20in%20the%20Greater%20West%20of%20England%20compared%20to%20other%20UK%20regions,data/labour-market/Employment rates in the Greater West of England compared to other UK regions,Datahub-data-main/data/labour-market/Employment rates in the Greater West of England compared to other UK regions,yes,Employment rates in the Greater West of England compared to other UK regions,
employment-rates-in-the-greater-west-of-england-by-sex-and-age-2025,"Employment rates in the Greater West of England by sex and age, 2025",https://www.thebrunelcentre.co.uk/data-hub/employment-rates-in-the-greater-west-of-england-by-sex-and-age-2025,labour-market,https://github.com/thebrunelcentre/Datahub-data/tree/main/data/labour-market/Employment%20rates%20in%20the%20Greater%20West%20of%20England%20by%20sex%20and%20age%2C%202025,"data/labour-market/Employment rates in the Greater West of England by sex and age, 2025","Datahub-data-main/data/labour-market/Employment rates in the Greater West of England by sex and age, 2025",yes,"Employment rates in the Greater West of England by sex and age, 2025",
annual-change-in-greenhouse-gas-emissions-in-the-greater-west-of-england-2022–2023,"Annual change in greenhouse gas emissions in the Greater West of England, 2022–2023",https://www.thebrunelcentre.co.uk/data-hub/annual-change-in-greenhouse-gas-emissions-in-the-greater-west-of-england-2022–2023,environment,https://github.com/thebrunelcentre/Datahub-data/tree/main/data/environment/Annual%20change%20in%20greenhouse%20gas%20emissions%20in%20the%20Greater%20West%20of%20England%2C%202022%E2%80%932023,"data/environment/Annual change in greenhouse gas emissions in the Greater West of England, 2022–2023","Datahub-data-main/data/environment/Annual change in greenhouse gas emissions in the Greater West of England, 2022–2023",no,,
vacancies-and-skills-gaps-in-the-south-west-of-england-by-sector,Vacancies and skills gaps in the South West of England by sector,https://www.thebrunelcentre.co.uk/data-hub/vacancies-and-skills-gaps-in-the-south-west-of-england-by-sector,labour-market,https://github.com/thebrunelcentre/Datahub-data/tree/main/data/labour-market/Vacancies%20and%20skills%20gaps%20by%20industry,data/labour-market/Vacancies and skills gaps by industry,Datahub-data-main/data/labour-market/Vacancies and skills gaps by industry,yes,Vacancies and skills gaps in the South West of England by sector,
skills-gaps-in-the-south-west-of-england,Skills gaps in the South West of England,https://www.thebrunelcentre.co.uk/data-hub/skills-gaps-in-the-south-west-of-england,labour-market,https://github.com/thebrunelcentre/Datahub-data/tree/main/data/labour-market/Skills%20gaps,data/labour-market/Skills gaps,Datahub-data-main/data/labour-market/Skills gaps,yes,Skills gaps in the South West of England,
skill-shortage-vacancies-in-the-south-west-of-england,Skill-shortage vacancies in the South West of England,https://www.thebrunelcentre.co.uk/data-hub/skill-shortage-vacancies-in-the-south-west-of-england,labour-market,https://github.com/thebrunelcentre/Datahub-data/tree/main/data/labour-market/Skill-shortage%20vacancies,data/labour-market/Skill-shortage vacancies,Datahub-data-main/data/labour-market/Skill-shortage vacancies,yes,Skill-shortage vacancies in the South West of England,
land-use-within-the-greater-west-of-england,Land use within the Greater West of England,https://www.thebrunelcentre.co.uk/data-hub/land-use-within-the-greater-west-of-england,housing-and-land-use,https://github.com/thebrunelcentre/Datahub-data/tree/main/data/housing-and-land-use/Land%20use%20within%20the%20Greater%20West%20of%20England,data/housing-and-land-use/Land use within the Greater West of England,Datahub-data-main/data/housing-and-land-use/Land use within the Greater West of England,yes,Land use within the Greater West of England,
non-developed-land-use-across-the-greater-west-of-england,Non-developed land use across the Greater West of England,https://www.thebrunelcentre.co.uk/data-hub/non-developed-land-use-across-the-greater-west-of-england,housing-and-land-use,https://github.com/thebrunelcentre/Datahub-data/tree/main/data/housing-and-land-use/Non-developed%20land%20use%20across%20the%20Greater%20West%20of%20England,data/housing-and-land-use/Non-developed land use across the Greater West of England,Datahub-data-main/data/housing-and-land-use/Non-developed land use across the Greater West of England,yes,Non-developed land use across the Greater West of England,
developed-land-use-in-the-greater-west-of-england,Developed land use in the Greater West of England,https://www.thebrunelcentre.co.uk/data-hub/developed-land-use-in-the-greater-west-of-england,housing-and-land-use,https://github.com/thebrunelcentre/Datahub-data/tree/main/data/housing-and-land-use/Developed%20land%20use%20in%20the%20Greater%20West%20of%20England,data/housing-and-land-use/Developed land use in the Greater West of England,Datahub-data-main/data/housing-and-land-use/Developed land use in the Greater West of England,yes,Developed land use in the Greater West of England,
public-housing-stock-and-vacant-dwellings-in-the-greater-west-of-england-2001-onwards,"Public housing stock and vacant dwellings in the Greater West of England, 2001 onwards",https://www.thebrunelcentre.co.uk/data-hub/public-housing-stock-and-vacant-dwellings-in-the-greater-west-of-england-2001-onwards,housing-and-land-use,https://github.com/thebrunelcentre/Datahub-data/tree/main/data/housing-and-land-use/Public%20housing%20stock%2C%20vacant%20dwellings,"data/housing-and-land-use/Public housing stock, vacant dwellings","Datahub-data-main/data/housing-and-land-use/Public housing stock, vacant dwellings",yes,"Public housing stock and vacant dwellings in the Greater West of England, 2001 onwards",
net-additional-dwellings-in-the-greater-west-of-england-2001-2024,"Net additional dwellings in the Greater West of England, 2001-2024",https://www.thebrunelcentre.co.uk/data-hub/net-additional-dwellings-in-the-greater-west-of-england-2001-2024,housing-and-land-use,https://github.com/thebrunelcentre/Datahub-data/tree/main/data/housing-and-land-use/Net%20additional%20dwellings,data/housing-and-land-use/Net additional dwellings,Datahub-data-main/data/housing-and-land-use/Net additional dwellings,yes,"Net additional dwellings in the Greater West of England, 2001-2024",
housebuilding-activity-in-the-greater-west-of-england-2014-onwards,"Housebuilding activity in the Greater West of England, 2014 onwards",https://www.thebrunelcentre.co.uk/data-hub/housebuilding-activity-in-the-greater-west-of-england-2014-onwards,housing-and-land-use,https://github.com/thebrunelcentre/Datahub-data/tree/main/data/housing-and-land-use/Housebuilding,data/housing-and-land-use/Housebuilding,Datahub-data-main/data/housing-and-land-use/Housebuilding,yes,"Housebuilding activity in the Greater West of England, 2014 onwards",
spatial-distribution-of-housing-stock-in-the-greater-west-of-england-2024,"Spatial distribution of housing stock in the Greater West of England, 2024",https://www.thebrunelcentre.co.uk/data-hub/spatial-distribution-of-housing-stock-in-the-greater-west-of-england-2024,housing-and-land-use,https://github.com/thebrunelcentre/Datahub-data/tree/main/data/housing-and-land-use/Dwelling%20stock,data/housing-and-land-use/Dwelling stock,Datahub-data-main/data/housing-and-land-use/Dwelling stock,yes,"Spatial distribution of housing stock in the Greater West of England, 2024",
greater-west-of-england-productivity-(gva)-by-industry-group-(current-prices)-2023,"Greater West of England productivity (GVA) by industry group (current prices), 2023",https://www.thebrunelcentre.co.uk/data-hub/greater-west-of-england-productivity-(gva)-by-industry-group-(current-prices)-2023,economy,https://github.com/thebrunelcentre/Datahub-data/tree/main/data/economy/Greater%20West%20of%20England%20GVA%20by%20industry%20group,data/economy/Greater West of England GVA by industry group,Datahub-data-main/data/economy/Greater West of England GVA by industry group,yes,"Greater West of England productivity (GVA) by industry group (current prices), 2023",
trends-in-the-number-of-private-sector-enterprises-in-the-greater-west-of-england-the-decade-up-to-2025,"Trends in the number of private sector enterprises in the Greater West of England, the decade up to 2025",https://www.thebrunelcentre.co.uk/data-hub/trends-in-the-number-of-private-sector-enterprises-in-the-greater-west-of-england-the-decade-up-to-2025,economy,https://github.com/thebrunelcentre/Datahub-data/tree/main/data/economy/Trends%20in%20the%20number%20of%20private%20sector%20enterprises%20in%20the%20Greater%20West%20of%20England%2C%20the%20decade%20up%20to%202025,"data/economy/Trends in the number of private sector enterprises in the Greater West of England, the decade up to 2025","Datahub-data-main/data/economy/Trends in the number of private sector enterprises in the Greater West of England, the decade up to 2025",yes,"Trends in the number of private sector enterprises in the Greater West of England, the decade up to 2025",
number-of-businesses-in-the-greater-west-of-england-2025,"Number of businesses in the Greater West of England, 2025",https://www.thebrunelcentre.co.uk/data-hub/number-of-businesses-in-the-greater-west-of-england-2025,economy,https://github.com/thebrunelcentre/Datahub-data/tree/main/data/economy/Number%20of%20businesses%20in%20the%20Greater%20West%20of%20England%2C%202025,"data/economy/Number of businesses in the Greater West of England, 2025","Datahub-data-main/data/economy/Number of businesses in the Greater West of England, 2025",yes,"Number of businesses in the Greater West of England, 2025",
businesses-in-the-greater-west-of-england-by-broad-industry-groups,Businesses in the Greater West of England by broad industry groups,https://www.thebrunelcentre.co.uk/data-hub/businesses-in-the-greater-west-of-england-by-broad-industry-groups,economy,https://github.com/thebrunelcentre/Datahub-data/tree/main/data/economy/Businesses%20in%20the%20Greater%20West%20of%20England%20by%20broad%20industry%20groups,data/economy/Businesses in the Greater West of England by broad industry groups,Datahub-data-main/data/economy/Businesses in the Greater West of England by broad industry groups,yes,Businesses in the Greater West of England by broad industry groups,
international-trade-activities-among-businesses-in-the-south-west-of-england-2023,"International trade activities among businesses in the South West of England, 2023",https://www.thebrunelcentre.co.uk/data-hub/international-trade-activities-among-businesses-in-the-south-west-of-england-2023,economy,https://github.com/thebrunelcentre/Datahub-data/tree/main/data/economy/South%20West%20exporters%20and%20importers,data/economy/South West exporters and importers,Datahub-data-main/data/economy/South West exporters and importers,yes,"International trade activities among businesses in the South West of England, 2023",
business-sites-and-employees-linked-to-international-trade-in-the-greater-west-of-england-2023,"Business sites and employees linked to international trade in the Greater West of England, 2023",https://www.thebrunelcentre.co.uk/data-hub/business-sites-and-employees-linked-to-international-trade-in-the-greater-west-of-england-2023,economy,https://github.com/thebrunelcentre/Datahub-data/tree/main/data/economy/Local%20sites%20and%20employees,data/economy/Local sites and employees,Datahub-data-main/data/economy/Local sites and employees,yes,"Business sites and employees linked to international trade in the Greater West of England, 2023",
population-of-the-greater-west-of-england-2024,"Population of the Greater West of England, 2024",https://www.thebrunelcentre.co.uk/data-hub/population-of-the-greater-west-of-england-2024,population,https://github.com/thebrunelcentre/Datahub-data/tree/main/data/population/Population%20of%20the%20Greater%20West%20of%20England,data/population/Population of the Greater West of England,Datahub-data-main/data/population/Population of the Greater West of England,yes,"Population of the Greater West of England, 2024",
population-changes-in-the-greater-west-of-england-1991-2024,"Population changes in the Greater West of England, 1991-2024",https://www.thebrunelcentre.co.uk/data-hub/population-changes-in-the-greater-west-of-england-1991-2024,population,https://github.com/thebrunelcentre/Datahub-data/tree/main/data/population/Population%20changes%20in%20the%20Greater%20West%20of%20England,data/population/Population changes in the Greater West of England,Datahub-data-main/data/population/Population changes in the Greater West of England,yes,"Population changes in the Greater West of England, 1991-2024",
components-of-population-change-in-the-greater-west-of-england-2011-12-to-2023-24,"Components of population change in the Greater West of England, 2011/12 to 2023/24",https://www.thebrunelcentre.co.uk/data-hub/components-of-population-change-in-the-greater-west-of-england-2011-12-to-2023-24,population,https://github.com/thebrunelcentre/Datahub-data/tree/main/data/population/Components%20of%20population%20change%20in%20the%20Greater%20West%20of%20England%2C%202011-12%20to%202023-24,"data/population/Components of population change in the Greater West of England, 2011-12 to 2023-24","Datahub-data-main/data/population/Components of population change in the Greater West of England, 2011-12 to 2023-24",yes,"Components of population change in the Greater West of England, 2011/12 to 2023/24",
projected-population-change-by-age-in-the-greater-west-of-england-2022-2047,"Projected population change by age in the Greater West of England, 2022-2047",https://www.thebrunelcentre.co.uk/data-hub/projected-population-change-by-age-in-the-greater-west-of-england-2022-2047,population,https://github.com/thebrunelcentre/Datahub-data/tree/main/data/population/Projected%20population%20change%20by%20age%20in%20the%20Greater%20West%20of%20England%2C%202022%20to%202047,"data/population/Projected population change by age in the Greater West of England, 2022 to 2047","Datahub-data-main/data/population/Projected population change by age in the Greater West of England, 2022 to 2047",yes,"Projected population change by age in the Greater West of England, 2022-2047",
occupational-structure-of-employment-in-the-greater-west-of-england-2024,"Occupational structure of employment in the Greater West of England, 2024",https://www.thebrunelcentre.co.uk/data-hub/occupational-structure-of-employment-in-the-greater-west-of-england-2024,labour-market,https://github.com/thebrunelcentre/Datahub-data/tree/main/data/labour-market/Occupational%20structure%20of%20employment%20in%20the%20GWE%2C%202024,"data/labour-market/Occupational structure of employment in the GWE, 2024","Datahub-data-main/data/labour-market/Occupational structure of employment in the GWE, 2024",yes,"Occupational structure of employment in the Greater West of England, 2024",
population-projections-at-local-authority-level-in-the-greater-west-of-england-2022-2047,"Population projections at local authority level in the Greater West of England, 2022-2047",https://www.thebrunelcentre.co.uk/data-hub/population-projections-at-local-authority-level-in-the-greater-west-of-england-2022-2047,population,https://github.com/thebrunelcentre/Datahub-data/tree/main/data/population/Population%20projections%20at%20local%20authority%20level%20in%20the%20Greater%20West%20of%20England%2C%202022%20to%202047,"data/population/Population projections at local authority level in the Greater West of England, 2022 to 2047","Datahub-data-main/data/population/Population projections at local authority level in the Greater West of England, 2022 to 2047",yes,"Population projections at local authority level in the Greater West of England, 2022-2047",
employment-by-occupation-in-the-greater-west-of-england-by-gender-and-local-authority,"Employment by occupation in the Greater West of England, by gender and local authority",https://www.thebrunelcentre.co.uk/data-hub/employment-by-occupation-in-the-greater-west-of-england-by-gender-and-local-authority,labour-market,https://github.com/thebrunelcentre/Datahub-data/tree/main/data/labour-market/Employment%20by%20occupation%20in%20the%20GWE%2C%20by%20gender%20and%20LA,"data/labour-market/Employment by occupation in the GWE, by gender and LA","Datahub-data-main/data/labour-market/Employment by occupation in the GWE, by gender and LA",yes,"Employment by occupation in the Greater West of England, by gender and local authority",
employment-by-occupation-in-the-greater-west-of-england-2004-2024,"Employment by occupation in the Greater West of England, 2004-2024",https://www.thebrunelcentre.co.uk/data-hub/employment-by-occupation-in-the-greater-west-of-england-2004-2024,labour-market,https://github.com/thebrunelcentre/Datahub-data/tree/main/data/labour-market/Employment%20by%20occupation%20in%20the%20GWE%2C%202004%20to%202024,"data/labour-market/Employment by occupation in the GWE, 2004 to 2024","Datahub-data-main/data/labour-market/Employment by occupation in the GWE, 2004 to 2024",yes,"Employment by occupation in the Greater West of England, 2004-2024",
trends-in-greenhouse-gas-emissions-in-the-greater-west-of-england,Trends in greenhouse gas emissions in the Greater West of England,https://www.thebrunelcentre.co.uk/data-hub/trends-in-greenhouse-gas-emissions-in-the-greater-west-of-england,environment,https://github.com/thebrunelcentre/Datahub-data/tree/main/data/environment/Trends%20in%20greenhouse%20gas%20emissions%20in%20the%20Greater%20West%20of%20England,data/environment/Trends in greenhouse gas emissions in the Greater West of England,Datahub-data-main/data/environment/Trends in greenhouse gas emissions in the Greater West of England,yes,Trends in greenhouse gas emissions in the Greater West of England,
trends-over-time-in-sustained-destinations-following-16–18-study-in-the-greater-west-of-england,Trends over time in sustained destinations following 16–18 study in the Greater West of England,https://www.thebrunelcentre.co.uk/data-hub/trends-over-time-in-sustained-destinations-following-16–18-study-in-the-greater-west-of-england,labour-market,https://github.com/thebrunelcentre/Datahub-data/tree/main/data/labour-market/Trends%20in%20sustained%20destinations%20following%2016%E2%80%9318%20study%20in%20the%20GWE,data/labour-market/Trends in sustained destinations following 16–18 study in the GWE,Datahub-data-main/data/labour-market/Trends in sustained destinations following 16–18 study in the GWE,no,,
sustained-destinations-following-16-18-study-in-the-greater-west-of-england-2022-23,"Sustained destinations following 16-18 study in the Greater West of England, 2022/23",https://www.thebrunelcentre.co.uk/data-hub/sustained-destinations-following-16-18-study-in-the-greater-west-of-england-2022-23,labour-market,https://github.com/thebrunelcentre/Datahub-data/tree/main/data/labour-market/Education%20(16%E2%80%9318)%20sustained%20destinations%20in%20the%20GWE,data/labour-market/Education (16–18) sustained destinations in the GWE,Datahub-data-main/data/labour-market/Education (16–18) sustained destinations in the GWE,yes,"Sustained destinations following 16-18 study in the Greater West of England, 2022/23",
education-and-training-participation-by-characteristics-in-the-greater-west-of-england-2025,"Education and training participation by characteristics in the Greater West of England, 2025",https://www.thebrunelcentre.co.uk/data-hub/education-and-training-participation-by-characteristics-in-the-greater-west-of-england-2025,labour-market,https://github.com/thebrunelcentre/Datahub-data/tree/main/data/labour-market/Education%20and%20training%20participation%20by%20characteristic%20in%20the%20GWE,data/labour-market/Education and training participation by characteristic in the GWE,Datahub-data-main/data/labour-market/Education and training participation by characteristic in the GWE,yes,"Education and training participation by characteristics in the Greater West of England, 2025",
neet-and-activity-not-known-among-16--and-17-year-olds-in-the-greater-west-of-england-2025,"NEET and activity not known among 16- and 17-year-olds in the Greater West of England, 2025",https://www.thebrunelcentre.co.uk/data-hub/neet-and-activity-not-known-among-16--and-17-year-olds-in-the-greater-west-of-england-2025,labour-market,https://github.com/thebrunelcentre/Datahub-data/tree/main/data/labour-market/NEET%20and%20activity%20not%20known%20in%20GWE,data/labour-market/NEET and activity not known in GWE,Datahub-data-main/data/labour-market/NEET and activity not known in GWE,yes,"NEET and activity not known among 16- and 17-year-olds in the Greater West of England, 2025",
neet-or-activity-not-known-by-characteristic-among-16--and-17-year-olds-in-the-greater-west-of-england-2025,"NEET or activity not known by characteristic among 16- and 17-year-olds in the Greater West of England, 2025",https://www.thebrunelcentre.co.uk/data-hub/neet-or-activity-not-known-by-characteristic-among-16--and-17-year-olds-in-the-greater-west-of-england-2025,labour-market,https://github.com/thebrunelcentre/Datahub-data/tree/main/data/labour-market/NEET%20or%20activity%20not%20known%20by%20characteristic,data/labour-market/NEET or activity not known by characteristic,Datahub-data-main/data/labour-market/NEET or activity not known by characteristic,yes,"NEET or activity not known by characteristic among 16- and 17-year-olds in the Greater West of England, 2025",
education-employment-and-neet-outcomes-among-young-people-in-the-greater-west-of-england-aged-16–24,"Education, employment and NEET outcomes among young people in the Greater West of England aged 16–24",https://www.thebrunelcentre.co.uk/data-hub/education-employment-and-neet-outcomes-among-young-people-in-the-greater-west-of-england-aged-16–24,labour-market,https://github.com/thebrunelcentre/Datahub-data/tree/main/data/labour-market/Education%2C%20employment%20and%20NEET%20outcomes%20among%20(aged%2016%E2%80%9324),"data/labour-market/Education, employment and NEET outcomes among (aged 16–24)","Datahub-data-main/data/labour-market/Education, employment and NEET outcomes among (aged 16–24)",no,,
education-and-training-participation-of-16--and-17-year-olds-in-the-greater-west-of-england-2025,"Education and training participation of 16- and 17-year-olds in the Greater West of England, 2025",https://www.thebrunelcentre.co.uk/data-hub/education-and-training-participation-of-16--and-17-year-olds-in-the-greater-west-of-england-2025,labour-market,https://github.com/thebrunelcentre/Datahub-data/tree/main/data/labour-market/Education%20and%20training%20participation,data/labour-market/Education and training participation,Datahub-data-main/data/labour-market/Education and training participation,yes,"Education and training participation of 16- and 17-year-olds in the Greater West of England, 2025",
housing-affordability-ratios-across-local-authorities-in-the-greater-west-of-england-2024,"Housing affordability ratios across local authorities in the Greater West of England, 2024",https://www.thebrunelcentre.co.uk/data-hub/housing-affordability-ratios-across-local-authorities-in-the-greater-west-of-england-2024,housing-and-land-use,https://github.com/thebrunelcentre/Datahub-data/tree/main/data/housing-and-land-use/Housing%20affordability%20ratios%20across%20local%20authorities%20in%20the%20Greater%20West%20of%20England%2C%202024,"data/housing-and-land-use/Housing affordability ratios across local authorities in the Greater West of England, 2024","Datahub-data-main/data/housing-and-land-use/Housing affordability ratios across local authorities in the Greater West of England, 2024",yes,"Housing affordability ratios across local authorities in the Greater West of England, 2024",
life-expectancy-inequalities-in-the-south-west-of-england,Life expectancy inequalities in the South West of England,https://www.thebrunelcentre.co.uk/data-hub/life-expectancy-inequalities-in-the-south-west-of-england,health,https://github.com/thebrunelcentre/Datahub-data/tree/main/data/health/Life%20expectancy%20inequalities%20in%20the%20South%20West,data/health/Life expectancy inequalities in the South West,Datahub-data-main/data/health/Life expectancy inequalities in the South West,yes,Life expectancy inequalities in the South West of England,
healthy-life-expectancy-and-mortality-in-the-south-west-of-england,Healthy life expectancy and mortality in the South West of England,https://www.thebrunelcentre.co.uk/data-hub/healthy-life-expectancy-and-mortality-in-the-south-west-of-england,health,https://github.com/thebrunelcentre/Datahub-data/tree/main/data/health/Healthy%20life%20expectancy%20and%20mortality%20in%20the%20South%20West,data/health/Healthy life expectancy and mortality in the South West,Datahub-data-main/data/health/Healthy life expectancy and mortality in the South West,yes,Healthy life expectancy and mortality in the South West of England,
greenhouse-gas-emissions-per-head-and-sectoral-composition-in-the-greater-west-of-england-2023,"Greenhouse gas emissions per head and sectoral composition in the Greater West of England, 2023",https://www.thebrunelcentre.co.uk/data-hub/greenhouse-gas-emissions-per-head-and-sectoral-composition-in-the-greater-west-of-england-2023,environment,https://github.com/thebrunelcentre/Datahub-data/tree/main/data/environment/Greenhouse%20gas%20emissions%20per%20head%20and%20sectoral%20composition%20in%20the%20Greater%20West%20of%20England,data/environment/Greenhouse gas emissions per head and sectoral composition in the Greater West of England,Datahub-data-main/data/environment/Greenhouse gas emissions per head and sectoral composition in the Greater West of England,yes,"Greenhouse gas emissions per head and sectoral composition in the Greater West of England, 2023",
greenhouse-gas-emissions-in-the-greater-west-of-england-2023,"Greenhouse gas emissions in the Greater West of England, 2023",https://www.thebrunelcentre.co.uk/data-hub/greenhouse-gas-emissions-in-the-greater-west-of-england-2023,environment,https://github.com/thebrunelcentre/Datahub-data/tree/main/data/environment/Greenhouse%20gas%20emissions%20in%20the%20Greater%20West%20of%20England,data/environment/Greenhouse gas emissions in the Greater West of England,Datahub-data-main/data/environment/Greenhouse gas emissions in the Greater West of England,yes,"Greenhouse gas emissions in the Greater West of England, 2023",
comparisons-of-greenhouse-gas-emissions-trends-across-the-greater-west-of-england-and-selected-uk-areas,Comparisons of greenhouse gas emissions trends across the Greater West of England and selected UK areas,https://www.thebrunelcentre.co.uk/data-hub/comparisons-of-greenhouse-gas-emissions-trends-across-the-greater-west-of-england-and-selected-uk-areas,environment,https://github.com/thebrunelcentre/Datahub-data/tree/main/data/environment/Comparisons%20of%20greenhouse%20gas%20emissions%20trends%20across%20the%20Greater%20West%20of%20England%20and%20selected%20UK%20areas,data/environment/Comparisons of greenhouse gas emissions trends across the Greater West of England and selected UK areas,Datahub-data-main/data/environment/Comparisons of greenhouse gas emissions trends across the Greater West of England and selected UK areas,yes,Comparisons of greenhouse gas emissions trends across the Greater West of England and selected UK areas,
high-growth-enterprises-in-the-greater-west-of-england-2019-2024,"High growth enterprises in the Greater West of England, 2019-2024",https://www.thebrunelcentre.co.uk/data-hub/high-growth-enterprises-in-the-greater-west-of-england-2019-2024,economy,https://github.com/thebrunelcentre/Datahub-data/tree/main/data/economy/High%20growth%20enterprises%20in%20the%20Greater%20West%20of%20England,data/economy/High growth enterprises in the Greater West of England,Datahub-data-main/data/economy/High growth enterprises in the Greater West of England,yes,"High growth enterprises in the Greater West of England, 2019-2024",
foreign-direct-investment-in-the-south-west-(total-number-of-projects-and-associated-jobs),Foreign direct investment in the South West (total number of projects and associated jobs) ,https://www.thebrunelcentre.co.uk/data-hub/foreign-direct-investment-in-the-south-west-(total-number-of-projects-and-associated-jobs),economy,https://github.com/thebrunelcentre/Datahub-data/tree/main/data/economy/Foreign%20direct%20investment%20in%20the%20South%20West,data/economy/Foreign direct investment in the South West,Datahub-data-main/data/economy/Foreign direct investment in the South West,yes,Foreign direct investment in the South West (total number of projects and associated jobs),
gdp-variation-across-the-uk-and-greater-west-of-england-2023,"GDP variation across the UK and Greater West of England, 2023",https://www.thebrunelcentre.co.uk/data-hub/gdp-variation-across-the-uk-and-greater-west-of-england-2023,economy,https://github.com/thebrunelcentre/Datahub-data/tree/main/data/economy/GDP%20geographic%20differences%20across%20the%20UK%20and%20the%20Greater%20West%20of%20England,data/economy/GDP geographic differences across the UK and the Greater West of England,Datahub-data-main/data/economy/GDP geographic differences across the UK and the Greater West of England,yes,"GDP variation across the UK and Greater West of England, 2023",
change-in-gdp-across-uk-regions-and-local-areas-in-the-greater-west-of-england-2013-to-2023,"Change in GDP across UK regions and local areas in the Greater West of England, 2013 to 2023",https://www.thebrunelcentre.co.uk/data-hub/change-in-gdp-across-uk-regions-and-local-areas-in-the-greater-west-of-england-2013-to-2023,economy,https://github.com/thebrunelcentre/Datahub-data/tree/main/data/economy/GDP%20comparisons%20of%20change%20across%20regions%20and%20local%20areas,data/economy/GDP comparisons of change across regions and local areas,Datahub-data-main/data/economy/GDP comparisons of change across regions and local areas,yes,"Change in GDP across UK regions and local areas in the Greater West of England, 2013 to 2023",
foreign-direct-investment-in-the-south-west-by-project-type-and-investor-characteristics,Foreign direct investment in the South West by project type and investor characteristics,https://www.thebrunelcentre.co.uk/data-hub/foreign-direct-investment-in-the-south-west-by-project-type-and-investor-characteristics,economy,https://github.com/thebrunelcentre/Datahub-data/tree/main/data/economy/Foreign%20direct%20investment%20in%20the%20South%20West%20by%20project%20type%20and%20investor%20characteristics,data/economy/Foreign direct investment in the South West by project type and investor characteristics,Datahub-data-main/data/economy/Foreign direct investment in the South West by project type and investor characteristics,yes,Foreign direct investment in the South West by project type and investor characteristics,
gross-domestic-product-(gdp)-in-the-greater-west-of-england,Gross domestic product (GDP) in the Greater West of England,https://www.thebrunelcentre.co.uk/data-hub/gross-domestic-product-(gdp)-in-the-greater-west-of-england,economy,https://github.com/thebrunelcentre/Datahub-data/tree/main/data/economy/Gross%20domestic%20product%20in%20the%20Greater%20West%20of%20England,data/economy/Gross domestic product in the Greater West of England,Datahub-data-main/data/economy/Gross domestic product in the Greater West of England,yes,Gross domestic product (GDP) in the Greater West of England,
